Requirement,Code,Tests,Docs,Build
Core manager initialization,✔︎,✖︎,⚠︎,✔︎
Configuration parsing,✔︎,✖︎,⚠︎,✔︎
Live reconfiguration,⚠︎,✖︎,⚠︎,✔︎
UI dashboard,⚠︎,✖︎,⚠︎,✔︎
API endpoints,⚠︎,✖︎,⚠︎,✔︎
Logging integration,✔︎,✖︎,⚠︎,✔︎
Test suite,✖︎,✖︎,✖︎,✔︎
Documentation pages,⚠︎,✖︎,⚠︎,✔︎
CI integration,✖︎,✖︎,✖︎,✖︎
Fault tolerance,⚠︎,✖︎,⚠︎,✔︎
Parameter validation,✔︎,⚠︎,⚠︎,✔︎
Security checks,⚠︎,✖︎,⚠︎,✔︎
Performance metrics,✖︎,✖︎,✖︎,✔︎
Replay compatibility,✔︎,⚠︎,⚠︎,✔︎
Vehicle isolation,✔︎,✖︎,⚠︎,✔︎
Backup management,✖︎,✖︎,✖︎,✔︎
Error reporting,⚠︎,✖︎,⚠︎,✔︎
Metrics visualization,✖︎,✖︎,✖︎,✔︎
Baseline consistency,✔︎,✖︎,⚠︎,✔︎
